{
  "file": "calcom",
  "results": [
    {
      "name": "Babel",
      "mean": 41.93594789166735,
      "min": 31.637667000002693,
      "max": 60.06766699999571,
      "median": 41.5113130000027,
      "stddev": 4.15376506808005,
      "samples": 120
    },
    {
      "name": "Oxc",
      "mean": 57.338476806817056,
      "min": 54.35708300000988,
      "max": 66.32070799999929,
      "median": 56.79849999999715,
      "stddev": 2.286448263052097,
      "samples": 88
    },
    {
      "name": "SWC",
      "mean": 70.66302345070433,
      "min": 67.96795900000143,
      "max": 79.14416700000584,
      "median": 69.82904199999757,
      "stddev": 2.3977443232603664,
      "samples": 71
    },
    {
      "name": "Yuku",
      "mean": 6.488388735408494,
      "min": 5.758042000001296,
      "max": 49.18366700000479,
      "median": 5.9750829999975394,
      "stddev": 2.114899658284513,
      "samples": 771
    }
  ]
}