{
  "file": "calcom",
  "results": [
    {
      "name": "Oxc",
      "mean": 57.308058715909446,
      "min": 54.45745900001202,
      "max": 68.2064160000009,
      "median": 57.293208500006585,
      "stddev": 2.4574412795454474,
      "samples": 88
    },
    {
      "name": "SWC",
      "mean": 72.58252901449336,
      "min": 68.03358399998979,
      "max": 115.32450000000244,
      "median": 70.99508399999468,
      "stddev": 7.099084578462316,
      "samples": 69
    },
    {
      "name": "Yuku",
      "mean": 12.220672275610164,
      "min": 10.647041999996873,
      "max": 19.907041000013123,
      "median": 11.403020999998262,
      "stddev": 1.6777555115524472,
      "samples": 410
    }
  ]
}