{
  "file": "calcom",
  "results": [
    {
      "name": "Babel",
      "mean": 42.16305182353013,
      "min": 32.65412500000093,
      "max": 61.059875000006286,
      "median": 41.95470800000476,
      "stddev": 5.391834050960674,
      "samples": 119
    },
    {
      "name": "Oxc",
      "mean": 56.100382888889825,
      "min": 54.44375000000582,
      "max": 64.43737500000861,
      "median": 55.502479499999026,
      "stddev": 1.832747338957818,
      "samples": 90
    },
    {
      "name": "SWC",
      "mean": 72.37060952857239,
      "min": 65.60495799999626,
      "max": 116.1634589999885,
      "median": 68.419624999995,
      "stddev": 11.115950394309484,
      "samples": 70
    },
    {
      "name": "Yuku",
      "mean": 11.130278604444172,
      "min": 10.153833000003942,
      "max": 45.56616600000416,
      "median": 10.430561999994097,
      "stddev": 2.47953996368513,
      "samples": 450
    }
  ]
}