{
  "file": "calcom",
  "results": [
    {
      "name": "Babel",
      "mean": 42.483639144068455,
      "min": 32.67383300000802,
      "max": 58.97608300000138,
      "median": 41.670083500001056,
      "stddev": 4.562702329209312,
      "samples": 118
    },
    {
      "name": "Oxc",
      "mean": 57.92625091954061,
      "min": 54.14404100000684,
      "max": 91.35008299999754,
      "median": 56.53920900000958,
      "stddev": 4.924164820107126,
      "samples": 87
    },
    {
      "name": "SWC",
      "mean": 77.40077372307691,
      "min": 67.77883400001156,
      "max": 166.21129200000723,
      "median": 71.62416700000176,
      "stddev": 18.099769263503937,
      "samples": 65
    },
    {
      "name": "Yuku",
      "mean": 12.049169680288529,
      "min": 10.024208000002545,
      "max": 38.09791699999187,
      "median": 10.7948755000034,
      "stddev": 3.240364366062376,
      "samples": 416
    }
  ]
}