{
  "file": "calcom",
  "results": [
    {
      "name": "Babel",
      "mean": 47.94409876190448,
      "min": 32.881832999992184,
      "max": 148.169332999998,
      "median": 43.6370409999945,
      "stddev": 16.872488273395316,
      "samples": 105
    },
    {
      "name": "Oxc",
      "mean": 66.43065403947377,
      "min": 55.11250000000291,
      "max": 136.42608300001302,
      "median": 61.3848119999966,
      "stddev": 14.68943752812198,
      "samples": 76
    },
    {
      "name": "SWC",
      "mean": 68.60988412328801,
      "min": 66.16004200000316,
      "max": 81.69391600000381,
      "median": 67.36266700000851,
      "stddev": 3.2069108175839536,
      "samples": 73
    },
    {
      "name": "Yuku",
      "mean": 10.132792518218933,
      "min": 9.040041999978712,
      "max": 78.60733299999265,
      "median": 9.274250000002212,
      "stddev": 3.667601101175238,
      "samples": 494
    }
  ]
}