{
  "file": "calcom",
  "results": [
    {
      "name": "Babel",
      "mean": 42.67068392372954,
      "min": 31.65779100000509,
      "max": 69.23770800000057,
      "median": 42.318833000004815,
      "stddev": 5.2296633651672,
      "samples": 118
    },
    {
      "name": "Oxc",
      "mean": 57.42343138636385,
      "min": 54.48595800000476,
      "max": 96.70299999999406,
      "median": 56.34799999999814,
      "stddev": 4.769244654281133,
      "samples": 88
    },
    {
      "name": "SWC",
      "mean": 71.63979171428531,
      "min": 67.72099999999045,
      "max": 81.72024999999849,
      "median": 70.31629200000316,
      "stddev": 3.377816052620142,
      "samples": 70
    },
    {
      "name": "Yuku",
      "mean": 7.05325777150923,
      "min": 6.4418750000040745,
      "max": 12.007458000007318,
      "median": 6.639540999996825,
      "stddev": 1.2458942772488806,
      "samples": 709
    }
  ]
}