{
  "file": "calcom",
  "results": [
    {
      "name": "Babel",
      "mean": 42.85625431623869,
      "min": 31.102708999998868,
      "max": 64.9797499999986,
      "median": 42.62704200000735,
      "stddev": 4.942170984624091,
      "samples": 117
    },
    {
      "name": "Oxc",
      "mean": 56.82616767045476,
      "min": 54.441583000007086,
      "max": 62.943665999991936,
      "median": 56.09862550000253,
      "stddev": 2.199009213076041,
      "samples": 88
    },
    {
      "name": "SWC",
      "mean": 70.57650533802853,
      "min": 67.66558299999451,
      "max": 79.75279100000625,
      "median": 69.93216699999175,
      "stddev": 2.4635189123081203,
      "samples": 71
    },
    {
      "name": "Yuku",
      "mean": 11.867282092417533,
      "min": 10.54891700000735,
      "max": 16.944207999986247,
      "median": 10.903229000003194,
      "stddev": 1.7858976209353523,
      "samples": 422
    }
  ]
}