{
  "file": "calcom",
  "results": [
    {
      "name": "Oxc",
      "mean": 60.216482095238966,
      "min": 54.82670900000085,
      "max": 103.79404200000863,
      "median": 58.41531249999389,
      "stddev": 7.1154708694396085,
      "samples": 84
    },
    {
      "name": "SWC",
      "mean": 76.14924560606109,
      "min": 68.43383399999584,
      "max": 125.85316600000078,
      "median": 72.83535449999908,
      "stddev": 10.37421371989039,
      "samples": 66
    },
    {
      "name": "Yuku",
      "mean": 11.865918251184832,
      "min": 10.548125000001164,
      "max": 29.937749999997322,
      "median": 11.100770999997621,
      "stddev": 1.6442525249816258,
      "samples": 422
    }
  ]
}