{
  "file": "checker",
  "results": [
    {
      "name": "Babel",
      "mean": 78.15723104687503,
      "min": 63.83658299999661,
      "max": 99.74170800000138,
      "median": 75.99354149999999,
      "stddev": 9.067723274655693,
      "samples": 64
    },
    {
      "name": "Oxc",
      "mean": 83.07716989062486,
      "min": 80.93304199998965,
      "max": 88.3513329999987,
      "median": 82.26772899999924,
      "stddev": 1.904197881665252,
      "samples": 64
    },
    {
      "name": "SWC",
      "mean": 158.28637431249962,
      "min": 154.3619580000086,
      "max": 191.1559169999964,
      "median": 156.6236454999962,
      "stddev": 5.0687002277971285,
      "samples": 64
    },
    {
      "name": "Yuku",
      "mean": 17.628494468309967,
      "min": 16.418917000002693,
      "max": 37.97612500000105,
      "median": 16.756250499995076,
      "stddev": 2.2650540621066955,
      "samples": 284
    }
  ]
}