{
  "file": "checker",
  "results": [
    {
      "name": "Yuku",
      "mean": 17.936408643369184,
      "min": 15.752750000000106,
      "max": 102.49866600000041,
      "median": 17.358686999999463,
      "stddev": 3.207511346042243,
      "rme": 1.4869912694786247,
      "samples": 1664,
      "runs": 3
    },
    {
      "name": "Babel",
      "mean": 78.76562603149604,
      "min": 62.51495800000066,
      "max": 135.98075000000063,
      "median": 78.70466650000026,
      "stddev": 6.013225120373372,
      "rme": 1.3406277853166437,
      "samples": 377,
      "runs": 3
    },
    {
      "name": "Oxc",
      "mean": 81.77427408130093,
      "min": 79.68737499999997,
      "max": 85.29300000000057,
      "median": 81.41337500000009,
      "stddev": 1.2252709206416872,
      "rme": 0.267448577142362,
      "samples": 369,
      "runs": 3
    },
    {
      "name": "SWC",
      "mean": 157.683676359375,
      "min": 148.66620800000055,
      "max": 251.15316600000006,
      "median": 152.93287499999997,
      "stddev": 2.1638967698670557,
      "rme": 0.34279092351798024,
      "samples": 194,
      "runs": 3
    }
  ]
}