{
  "file": "checker",
  "results": [
    {
      "name": "Yuku",
      "mean": 17.198779429553245,
      "min": 15.71308399999998,
      "max": 27.982167000000118,
      "median": 16.795646000000033,
      "stddev": 1.2879783567325689,
      "rme": 0.6096817414234023,
      "samples": 1763,
      "runs": 3
    },
    {
      "name": "Babel",
      "mean": 80.11064202399997,
      "min": 62.149333999999726,
      "max": 99.53629200000069,
      "median": 80.02124999999978,
      "stddev": 6.484482881599888,
      "rme": 1.441521594694463,
      "samples": 378,
      "runs": 3
    },
    {
      "name": "Oxc",
      "mean": 82.53133947540992,
      "min": 79.70187499999975,
      "max": 105.53612500000054,
      "median": 81.6943755000002,
      "stddev": 2.5198446073219136,
      "rme": 0.5475479786086763,
      "samples": 365,
      "runs": 3
    },
    {
      "name": "SWC",
      "mean": 152.58415084848494,
      "min": 149.26783299999988,
      "max": 199.75920899999983,
      "median": 151.90341649999982,
      "stddev": 2.3790140795069976,
      "rme": 0.3833479567422313,
      "samples": 198,
      "runs": 3
    }
  ]
}