{
  "file": "checker",
  "results": [
    {
      "name": "Babel",
      "mean": 80.08782034374987,
      "min": 65.19829200000095,
      "max": 94.96429099999659,
      "median": 80.78927099999419,
      "stddev": 7.542490226033466,
      "samples": 64
    },
    {
      "name": "Oxc",
      "mean": 82.93447993749967,
      "min": 81.00787500001024,
      "max": 90.71662499998638,
      "median": 82.2078335000042,
      "stddev": 1.8274115252380472,
      "samples": 64
    },
    {
      "name": "SWC",
      "mean": 157.57604621875174,
      "min": 154.18695899999875,
      "max": 197.62425000000803,
      "median": 156.1640830000033,
      "stddev": 5.624299085631987,
      "samples": 64
    },
    {
      "name": "Yuku",
      "mean": 17.659487397886917,
      "min": 16.421916999999667,
      "max": 37.12487499999406,
      "median": 16.733666499996616,
      "stddev": 2.3924748973254015,
      "samples": 284
    }
  ]
}